{"balance": 0.036306535778560536, "poutcome": 0.19552812863739, "campaign": -0.2829495548941423, "default": 6.036837696399289e-16, "housing": 0.0, "month": 0.567527061104657, "age": -0.02325187694328102, "duration": 1.0947355852756875, "loan": 9.71445146547012e-17, "education": 0.13839053233277224, "pdays": 0.03777664115063566, "day": 0.17297833151643677, "previous": 0.013512094283342933}