{"balance": 0.036306535778560474, "poutcome": 0.19552812863738944, "campaign": -0.2829495548941416, "default": 1.115427195053087e-15, "housing": 0.0, "month": 0.5675270611046573, "age": -0.023251876943280923, "duration": 1.0947355852756873, "loan": -2.7755575615628914e-16, "education": 0.13839053233277232, "pdays": 0.03777664115063592, "day": 0.17297833151643716, "previous": 0.013512094283342949}