,features,importance
0,pdays,0.338605004821
1,housing_no,0.181511964635
2,age,0.173409120705
3,previous,0.11158704344
4,housing_yes,0.088648986055
5,campaign,0.0498153263505
6,balance,0.0383726293222
7,loan_yes,0.00874744014932
8,education,0.0063332276284
9,loan_no,0.0029692568943
10,default_yes,0.0
11,default_no,0.0
